{
    "2023-10-25": {
        "EURUSD": 1.05824,
        "EURJPY": 158.619066,
        "USDPLN": 4.235105
    }
}