{
    "2023-10-25": {
        "EURJPY": 158.567084,
        "EURPLN": 4.482553
    }
}